gpu_name,manufacturer,generation,architecture,release_date,base_clock_mhz,boost_clock_mhz,memory_size_gb,memory_type,memory_clock_mhz,memory_bus_bits,memory_bandwidth_gb_s,tdp_watts,process_size_nm,die_size_mm2,transistor_count_m,shading_units,tensor_cores,ray_tracing_cores,single_float_tflops,bus_interface,tpu_url
Radeon RX 5700,AMD,Navi(RX 5000),RDNA 1.0,2019-07-07,1465.0,1725.0,8.0,GDDR6,1750.0,256,448.0,180,7,251.0,10300.0,2304,0,0,7949.0,PCIe 4.0 x16,https://www.techpowerup.com/gpu-specs/radeon-rx-5700.c3437
Radeon RX 5700 XT,AMD,Navi(RX 5000),RDNA 1.0,2019-07-07,1605.0,1905.0,8.0,GDDR6,1750.0,256,448.0,225,7,251.0,10300.0,2560,0,0,9754.0,PCIe 4.0 x16,https://www.techpowerup.com/gpu-specs/radeon-rx-5700-xt.c3339
Radeon RX 5700 XT 50th Anniversary,AMD,Navi(RX 5000),RDNA 1.0,2019-07-07,1680.0,1980.0,8.0,GDDR6,1750.0,256,448.0,225,7,251.0,10300.0,2560,0,0,10140.0,PCIe 4.0 x16,https://www.techpowerup.com/gpu-specs/radeon-rx-5700-xt-50th-anniversary.c3438
Radeon RX 5300 XT OEM,AMD,Navi(RX 5000),RDNA 1.0,2019-10-07,1670.0,1845.0,4.0,GDDR5,1750.0,128,112.0,100,7,158.0,6400.0,1408,0,0,5196.0,PCIe 4.0 x8,https://www.techpowerup.com/gpu-specs/radeon-rx-5300-xt-oem.c3465
Radeon RX 5500 OEM,AMD,Navi(RX 5000),RDNA 1.0,2019-10-07,1500.0,1845.0,4.0,GDDR6,1750.0,128,224.0,110,7,158.0,6400.0,1408,0,0,5196.0,PCIe 4.0 x8,https://www.techpowerup.com/gpu-specs/radeon-rx-5500-oem.c3459
Radeon RX 5500 XT,AMD,Navi(RX 5000),RDNA 1.0,2019-12-12,1607.0,1845.0,4.0,GDDR6,1750.0,128,224.0,130,7,158.0,6400.0,1408,0,0,5196.0,PCIe 4.0 x8,https://www.techpowerup.com/gpu-specs/radeon-rx-5500-xt.c3468
Radeon RX 5600 OEM,AMD,Navi(RX 5000),RDNA 1.0,2020-01-21,1130.0,1560.0,6.0,GDDR6,1500.0,192,288.0,125,7,251.0,10300.0,2048,0,0,6390.0,PCIe 4.0 x16,https://www.techpowerup.com/gpu-specs/radeon-rx-5600-oem.c3475
Radeon RX 5600 XT,AMD,Navi(RX 5000),RDNA 1.0,2020-01-21,1130.0,1560.0,6.0,GDDR6,1500.0,192,288.0,150,7,251.0,10300.0,2304,0,0,7188.0,PCIe 4.0 x16,https://www.techpowerup.com/gpu-specs/radeon-rx-5600-xt.c3474
Radeon RX 5300 OEM,AMD,Navi(RX 5000),RDNA 1.0,2020-05-28,1327.0,1645.0,3.0,GDDR6,1750.0,96,168.0,100,7,158.0,6400.0,1408,0,0,4632.0,PCIe 4.0 x8,https://www.techpowerup.com/gpu-specs/radeon-rx-5300-oem.c3584
Radeon RX 6800,AMD,Navi II(RX 6000),RDNA 2.0,2020-10-28,1700.0,2105.0,16.0,GDDR6,2000.0,256,512.0,250,7,520.0,26800.0,3840,0,60,16170.000000000002,PCIe 4.0 x16,https://www.techpowerup.com/gpu-specs/radeon-rx-6800.c3713
Radeon RX 6800 XT,AMD,Navi II(RX 6000),RDNA 2.0,2020-10-28,1825.0,2250.0,16.0,GDDR6,2000.0,256,512.0,300,7,520.0,26800.0,4608,0,72,20740.0,PCIe 4.0 x16,https://www.techpowerup.com/gpu-specs/radeon-rx-6800-xt.c3694
Radeon RX 6900 XT,AMD,Navi II(RX 6000),RDNA 2.0,2020-10-28,1825.0,2250.0,16.0,GDDR6,2000.0,256,512.0,300,7,520.0,26800.0,5120,0,80,23040.0,PCIe 4.0 x16,https://www.techpowerup.com/gpu-specs/radeon-rx-6900-xt.c3481
Radeon RX 6700 XT,AMD,Navi II(RX 6000),RDNA 2.0,2021-03-03,2321.0,2581.0,12.0,GDDR6,2000.0,192,384.0,230,7,335.0,17200.0,2560,0,40,13210.0,PCIe 4.0 x16,https://www.techpowerup.com/gpu-specs/radeon-rx-6700-xt.c3695
Radeon RX 6700,AMD,Navi II(RX 6000),RDNA 2.0,2021-06-09,1941.0,2450.0,10.0,GDDR6,2000.0,160,320.0,175,7,335.0,17200.0,2304,0,36,11290.0,PCIe 4.0 x16,https://www.techpowerup.com/gpu-specs/radeon-rx-6700.c3716
Radeon RX 6600 XT,AMD,Navi II(RX 6000),RDNA 2.0,2021-07-30,1968.0,2589.0,8.0,GDDR6,2000.0,128,256.0,160,7,237.0,11060.0,2048,0,32,10600.0,PCIe 4.0 x8,https://www.techpowerup.com/gpu-specs/radeon-rx-6600-xt.c3774
Radeon RX 6600,AMD,Navi II(RX 6000),RDNA 2.0,2021-10-13,1626.0,2491.0,8.0,GDDR6,1750.0,128,224.0,132,7,237.0,11060.0,1792,0,28,8928.0,PCIe 4.0 x8,https://www.techpowerup.com/gpu-specs/radeon-rx-6600.c3696
Radeon RX 6400,AMD,Navi II(RX 6000),RDNA 2.0,2022-01-19,1923.0,2321.0,4.0,GDDR6,2000.0,64,128.0,53,6,107.0,5400.0,768,0,12,3565.0,PCIe 4.0 x4,https://www.techpowerup.com/gpu-specs/radeon-rx-6400.c3813
Radeon RX 6500 XT,AMD,Navi II(RX 6000),RDNA 2.0,2022-01-19,2310.0,2815.0,4.0,GDDR6,2248.0,64,143.9,107,6,107.0,5400.0,1024,0,16,5765.0,PCIe 4.0 x4,https://www.techpowerup.com/gpu-specs/radeon-rx-6500-xt.c3850
Radeon RX 6750 XT,AMD,Navi II(RX 6000),RDNA 2.0,2022-03-03,2150.0,2600.0,12.0,GDDR6,2250.0,192,432.0,250,7,335.0,17200.0,2560,0,40,13310.0,PCIe 4.0 x16,https://www.techpowerup.com/gpu-specs/radeon-rx-6750-xt.c3879
Radeon RX 6650 XT,AMD,Navi II(RX 6000),RDNA 2.0,2022-05-10,2055.0,2635.0,8.0,GDDR6,2190.0,128,280.3,176,7,237.0,11060.0,2048,0,32,10790.0,PCIe 4.0 x8,https://www.techpowerup.com/gpu-specs/radeon-rx-6650-xt.c3898
Radeon RX 6950 XT,AMD,Navi II(RX 6000),RDNA 2.0,2022-05-10,1860.0,2310.0,16.0,GDDR6,2250.0,256,576.0,335,7,520.0,26800.0,5120,0,80,23650.0,PCIe 4.0 x16,https://www.techpowerup.com/gpu-specs/radeon-rx-6950-xt.c3875
Radeon RX 7900 XT,AMD,Navi III(RX 7000),RDNA 3.0,2022-11-03,1387.0,2394.0,20.0,GDDR6,2500.0,320,800.0,300,5,529.0,57700.0,5376,0,84,51480.0,PCIe 4.0 x16,https://www.techpowerup.com/gpu-specs/radeon-rx-7900-xt.c3912
Radeon RX 7900 XTX,AMD,Navi III(RX 7000),RDNA 3.0,2022-11-03,1929.0,2498.0,24.0,GDDR6,2500.0,384,960.0,355,5,529.0,57700.0,6144,0,96,61390.0,PCIe 4.0 x16,https://www.techpowerup.com/gpu-specs/radeon-rx-7900-xtx.c3941
Radeon RX 7600,AMD,Navi III(RX 7000),RDNA 3.0,2023-05-24,1720.0,2655.0,8.0,GDDR6,2250.0,128,288.0,165,6,204.0,13300.0,2048,0,32,21750.0,PCIe 4.0 x8,https://www.techpowerup.com/gpu-specs/radeon-rx-7600.c4153
Radeon RX 7900 GRE,AMD,Navi III(RX 7000),RDNA 3.0,2023-07-27,1287.0,2245.0,16.0,GDDR6,2250.0,256,576.0,260,5,529.0,57700.0,5120,0,80,45980.0,PCIe 4.0 x16,https://www.techpowerup.com/gpu-specs/radeon-rx-7900-gre.c4166
Radeon RX 7700 XT,AMD,Navi III(RX 7000),RDNA 3.0,2023-08-25,1435.0,2544.0,12.0,GDDR6,2250.0,192,432.0,245,5,346.0,28100.0,3456,0,54,35170.0,PCIe 4.0 x16,https://www.techpowerup.com/gpu-specs/radeon-rx-7700-xt.c3911
Radeon RX 7800 XT,AMD,Navi III(RX 7000),RDNA 3.0,2023-08-25,1295.0,2430.0,16.0,GDDR6,2438.0,256,624.1,263,5,346.0,28100.0,3840,0,60,37320.0,PCIe 4.0 x16,https://www.techpowerup.com/gpu-specs/radeon-rx-7800-xt.c3839
Radeon RX 6750 GRE 10 GB,AMD,Navi II(RX 6000),RDNA 2.0,2023-10-17,1941.0,2450.0,10.0,GDDR6,2000.0,160,320.0,170,7,335.0,17200.0,2304,0,36,11290.0,PCIe 4.0 x16,https://www.techpowerup.com/gpu-specs/radeon-rx-6750-gre-10-gb.c4192
Radeon RX 6750 GRE 12 GB,AMD,Navi II(RX 6000),RDNA 2.0,2023-10-17,2321.0,2581.0,12.0,GDDR6,2250.0,192,432.0,250,7,335.0,17200.0,2560,0,40,13210.0,PCIe 4.0 x16,https://www.techpowerup.com/gpu-specs/radeon-rx-6750-gre-12-gb.c4183
Radeon RX 6600 LE,AMD,Navi II(RX 6000),RDNA 2.0,2023-12-08,1626.0,2495.0,8.0,GDDR6,1750.0,128,224.0,132,7,237.0,11060.0,1792,0,28,8942.0,PCIe 4.0 x8,https://www.techpowerup.com/gpu-specs/radeon-rx-6600-le.c4223
Radeon RX 7600 XT,AMD,Navi III(RX 7000),RDNA 3.0,2024-01-08,1980.0,2755.0,16.0,GDDR6,2250.0,128,288.0,190,6,204.0,13300.0,2048,0,32,22570.0,PCIe 4.0 x8,https://www.techpowerup.com/gpu-specs/radeon-rx-7600-xt.c4190
Radeon RX 9070 GRE 16 GB,AMD,Navi IV(RX 9000),RDNA 4.0,2025-01-01,1420.0,2790.0,16.0,GDDR6,2250.0,256,576.0,220,4,357.0,53900.0,3072,0,48,34280.0,PCIe 5.0 x16,https://www.techpowerup.com/gpu-specs/radeon-rx-9070-gre-16-gb.c4343
Radeon RX 7650 GRE,AMD,Navi III(RX 7000),RDNA 3.0,2025-02-01,1720.0,2695.0,8.0,GDDR6,2250.0,128,288.0,165,6,204.0,13300.0,2048,0,32,22080.0,PCIe 4.0 x8,https://www.techpowerup.com/gpu-specs/radeon-rx-7650-gre.c4258
Radeon RX 9070,AMD,Navi IV(RX 9000),RDNA 4.0,2025-03-06,1330.0,2520.0,16.0,GDDR6,2518.0,256,644.6,220,4,357.0,53900.0,3584,0,56,36130.0,PCIe 5.0 x16,https://www.techpowerup.com/gpu-specs/radeon-rx-9070.c4250
Radeon RX 9070 XT,AMD,Navi IV(RX 9000),RDNA 4.0,2025-03-06,1660.0,2970.0,16.0,GDDR6,2518.0,256,644.6,304,4,357.0,53900.0,4096,0,64,48660.0,PCIe 5.0 x16,https://www.techpowerup.com/gpu-specs/radeon-rx-9070-xt.c4229
Radeon RX 9070 GRE,AMD,Navi IV(RX 9000),RDNA 4.0,2025-05-08,1420.0,2790.0,12.0,GDDR6,2250.0,192,432.0,220,4,357.0,53900.0,3072,0,48,34280.0,PCIe 5.0 x16,https://www.techpowerup.com/gpu-specs/radeon-rx-9070-gre.c4291
Radeon RX 9060 XT 16 GB,AMD,Navi IV(RX 9000),RDNA 4.0,2025-06-04,1700.0,3130.0,16.0,GDDR6,2518.0,128,322.3,160,4,199.0,29700.0,2048,0,32,25640.0,PCIe 5.0 x16,https://www.techpowerup.com/gpu-specs/radeon-rx-9060-xt-16-gb.c4293
Radeon RX 9060 XT 8 GB,AMD,Navi IV(RX 9000),RDNA 4.0,2025-06-04,1700.0,3130.0,8.0,GDDR6,2518.0,128,322.3,150,4,199.0,29700.0,2048,0,32,25640.0,PCIe 5.0 x16,https://www.techpowerup.com/gpu-specs/radeon-rx-9060-xt-8-gb.c4251
Radeon RX 9060,AMD,Navi IV(RX 9000),RDNA 4.0,2025-08-05,1700.0,2990.0,8.0,GDDR6,2518.0,128,322.3,132,4,199.0,29700.0,1792,0,28,21430.0,PCIe 5.0 x16,https://www.techpowerup.com/gpu-specs/radeon-rx-9060.c4326
Radeon RX 7400,AMD,Navi III(RX 7000),RDNA 3.0,2025-08-08,1452.0,2300.0,8.0,GDDR6,2250.0,128,288.0,43,6,204.0,13300.0,1792,0,28,16489.999999999996,PCIe 4.0 x8,https://www.techpowerup.com/gpu-specs/radeon-rx-7400.c4328
Radeon RX 7700,AMD,Navi III(RX 7000),RDNA 3.0,2025-09-18,1900.0,2600.0,16.0,GDDR6,2430.0,256,622.1,200,5,346.0,28100.0,2560,0,40,26620.0,PCIe 4.0 x16,https://www.techpowerup.com/gpu-specs/radeon-rx-7700.c4159
Arc A350,Intel,Alchemist(Arc 3),Xe-HPG,2022-01-01,2000.0,2000.0,4.0,GDDR6,1937.0,64,124.0,25,6,157.0,7200.0,768,0,6,3072.0,PCIe 4.0 x8,https://www.techpowerup.com/gpu-specs/arc-a350.c3931
Arc A380,Intel,Alchemist(Arc 3),Xe-HPG,2022-06-14,2000.0,2050.0,6.0,GDDR6,1937.0,96,186.0,75,6,157.0,7200.0,1024,0,8,4198.000000000001,PCIe 4.0 x8,https://www.techpowerup.com/gpu-specs/arc-a380.c3913
Arc A310,Intel,Alchemist(Arc 3),Xe-HPG,2022-10-12,1750.0,1750.0,4.0,GDDR6,1937.0,64,124.0,30,6,157.0,7200.0,768,0,6,2688.0,PCIe 4.0 x8,https://www.techpowerup.com/gpu-specs/arc-a310.c3930
Arc A750,Intel,Alchemist(Arc 7),Xe-HPG,2022-10-12,2050.0,2400.0,8.0,GDDR6,2000.0,256,512.0,225,6,406.0,21700.0,3584,0,28,17200.0,PCIe 4.0 x16,https://www.techpowerup.com/gpu-specs/arc-a750.c3929
Arc A770,Intel,Alchemist(Arc 7),Xe-HPG,2022-10-12,2100.0,2400.0,16.0,GDDR6,2000.0,256,512.0,225,6,406.0,21700.0,4096,0,32,19660.0,PCIe 4.0 x16,https://www.techpowerup.com/gpu-specs/arc-a770.c3914
Arc A580,Intel,Alchemist(Arc 5),Xe-HPG,2023-10-10,1700.0,2000.0,8.0,GDDR6,2000.0,256,512.0,175,6,406.0,21700.0,3072,0,24,12290.0,PCIe 4.0 x16,https://www.techpowerup.com/gpu-specs/arc-a580.c3928
Arc B580,Intel,Battlemage(Arc 5),Xe2-HPG,2024-12-13,2670.0,2670.0,12.0,GDDR6,2375.0,192,456.0,190,5,272.0,19600.0,2560,0,20,13670.0,PCIe 4.0 x8,https://www.techpowerup.com/gpu-specs/arc-b580.c4244
Arc B570,Intel,Battlemage(Arc 5),Xe2-HPG,2025-01-16,2500.0,2500.0,10.0,GDDR6,2375.0,160,380.0,150,5,272.0,19600.0,2304,0,18,11520.0,PCIe 4.0 x8,https://www.techpowerup.com/gpu-specs/arc-b570.c4245
GeForce RTX 2080,NVIDIA,GeForce 20,Turing,2018-09-20,1515.0,1710.0,8.0,GDDR6,1750.0,256,448.0,215,12,545.0,13600.0,2944,368,46,10070.0,PCIe 3.0 x16,https://www.techpowerup.com/gpu-specs/geforce-rtx-2080.c3224
GeForce RTX 2080 Ti,NVIDIA,GeForce 20,Turing,2018-09-20,1350.0,1545.0,11.0,GDDR6,1750.0,352,616.0,250,12,754.0,18600.0,4352,544,68,13450.0,PCIe 3.0 x16,https://www.techpowerup.com/gpu-specs/geforce-rtx-2080-ti.c3305
GeForce RTX 2070,NVIDIA,GeForce 20,Turing,2018-10-17,1410.0,1620.0,8.0,GDDR6,1750.0,256,448.0,175,12,445.0,10800.0,2304,288,36,7465.0,PCIe 3.0 x16,https://www.techpowerup.com/gpu-specs/geforce-rtx-2070.c3252
TITAN RTX,NVIDIA,GeForce 20,Turing,2018-12-18,1350.0,1770.0,24.0,GDDR6,1750.0,384,672.0,280,12,754.0,18600.0,4608,576,72,16309.999999999998,PCIe 3.0 x16,https://www.techpowerup.com/gpu-specs/titan-rtx.c3311
GeForce RTX 2060,NVIDIA,GeForce 20,Turing,2019-01-07,1365.0,1680.0,6.0,GDDR6,1750.0,192,336.0,160,12,445.0,10800.0,1920,240,30,6451.0,PCIe 3.0 x16,https://www.techpowerup.com/gpu-specs/geforce-rtx-2060.c3310
GeForce RTX 2060 SUPER,NVIDIA,GeForce 20,Turing,2019-07-09,1470.0,1650.0,8.0,GDDR6,1750.0,256,448.0,175,12,445.0,10800.0,2176,272,34,7181.0,PCIe 3.0 x16,https://www.techpowerup.com/gpu-specs/geforce-rtx-2060-super.c3441
GeForce RTX 2070 SUPER,NVIDIA,GeForce 20,Turing,2019-07-09,1605.0,1770.0,8.0,GDDR6,1750.0,256,448.0,215,12,545.0,13600.0,2560,320,40,9062.0,PCIe 3.0 x16,https://www.techpowerup.com/gpu-specs/geforce-rtx-2070-super.c3440
GeForce RTX 2080 SUPER,NVIDIA,GeForce 20,Turing,2019-07-23,1650.0,1815.0,8.0,GDDR6,1937.0,256,495.9,250,12,545.0,13600.0,3072,384,48,11150.0,PCIe 3.0 x16,https://www.techpowerup.com/gpu-specs/geforce-rtx-2080-super.c3439
GeForce RTX 2060 TU104,NVIDIA,GeForce 20,Turing,2020-01-10,1365.0,1680.0,6.0,GDDR6,1750.0,192,336.0,160,12,545.0,13600.0,1920,240,30,6451.0,PCIe 3.0 x16,https://www.techpowerup.com/gpu-specs/geforce-rtx-2060-tu104.c3495
GeForce RTX 3070,NVIDIA,GeForce 30,Ampere,2020-09-01,1500.0,1725.0,8.0,GDDR6,1750.0,256,448.0,220,8,392.0,17400.0,5888,184,46,20310.0,PCIe 4.0 x16,https://www.techpowerup.com/gpu-specs/geforce-rtx-3070.c3674
GeForce RTX 3080,NVIDIA,GeForce 30,Ampere,2020-09-01,1440.0,1710.0,10.0,GDDR6X,1188.0,320,760.3,320,8,628.0,28300.0,8704,272,68,29770.0,PCIe 4.0 x16,https://www.techpowerup.com/gpu-specs/geforce-rtx-3080.c3621
GeForce RTX 3090,NVIDIA,GeForce 30,Ampere,2020-09-01,1395.0,1695.0,24.0,GDDR6X,1219.0,384,936.2,350,8,628.0,28300.0,10496,328,82,35580.0,PCIe 4.0 x16,https://www.techpowerup.com/gpu-specs/geforce-rtx-3090.c3622
GeForce RTX 3060 Ti,NVIDIA,GeForce 30,Ampere,2020-12-01,1410.0,1665.0,8.0,GDDR6,1750.0,256,448.0,200,8,392.0,17400.0,4864,152,38,16200.0,PCIe 4.0 x16,https://www.techpowerup.com/gpu-specs/geforce-rtx-3060-ti.c3681
GeForce RTX 3060 3840SP,NVIDIA,GeForce 30,Ampere,2021-01-01,1627.0,1852.0,6.0,GDDR6,1750.0,192,336.0,185,8,276.0,12000.0,3840,120,30,14220.0,PCIe 4.0 x16,https://www.techpowerup.com/gpu-specs/geforce-rtx-3060-3840sp.c4080
GeForce RTX 3060 12 GB,NVIDIA,GeForce 30,Ampere,2021-01-12,1320.0,1777.0,12.0,GDDR6,1875.0,192,360.0,170,8,276.0,12000.0,3584,112,28,12740.0,PCIe 4.0 x16,https://www.techpowerup.com/gpu-specs/geforce-rtx-3060-12-gb.c3682
GeForce RTX 3070 Ti,NVIDIA,GeForce 30,Ampere,2021-05-31,1575.0,1770.0,8.0,GDDR6X,1188.0,256,608.3,290,8,392.0,17400.0,6144,192,48,21750.0,PCIe 4.0 x16,https://www.techpowerup.com/gpu-specs/geforce-rtx-3070-ti.c3675
GeForce RTX 3080 Ti,NVIDIA,GeForce 30,Ampere,2021-05-31,1365.0,1665.0,12.0,GDDR6X,1188.0,384,912.4,350,8,628.0,28300.0,10240,320,80,34100.0,PCIe 4.0 x16,https://www.techpowerup.com/gpu-specs/geforce-rtx-3080-ti.c3735
GeForce RTX 3060 12 GB GA104,NVIDIA,GeForce 30,Ampere,2021-09-01,1320.0,1777.0,12.0,GDDR6,1875.0,192,360.0,170,8,392.0,17400.0,3584,112,28,12740.0,PCIe 4.0 x16,https://www.techpowerup.com/gpu-specs/geforce-rtx-3060-12-gb-ga104.c3832
GeForce RTX 2060 12 GB,NVIDIA,GeForce 20,Turing,2021-12-07,1470.0,1650.0,12.0,GDDR6,1750.0,192,336.0,184,12,445.0,10800.0,2176,272,34,7181.0,PCIe 3.0 x16,https://www.techpowerup.com/gpu-specs/geforce-rtx-2060-12-gb.c3836
GeForce RTX 3080 Ti 20 GB,NVIDIA,GeForce 30,Ampere,2022-01-01,1335.0,1665.0,20.0,GDDR6X,1188.0,320,760.3,350,8,628.0,28300.0,10240,320,80,34100.0,PCIe 4.0 x16,https://www.techpowerup.com/gpu-specs/geforce-rtx-3080-ti-20-gb.c3831
GeForce RTX 3050 8 GB,NVIDIA,GeForce 30,Ampere,2022-01-04,1552.0,1777.0,8.0,GDDR6,1750.0,128,224.0,130,8,276.0,12000.0,2560,80,20,9098.0,PCIe 4.0 x8,https://www.techpowerup.com/gpu-specs/geforce-rtx-3050-8-gb.c3858
GeForce RTX 3050 OEM,NVIDIA,GeForce 30,Ampere,2022-01-04,1515.0,1755.0,8.0,GDDR6,1750.0,128,224.0,130,8,276.0,12000.0,2304,72,18,8087.0,PCIe 4.0 x8,https://www.techpowerup.com/gpu-specs/geforce-rtx-3050-oem.c3915
GeForce RTX 3080 12 GB,NVIDIA,GeForce 30,Ampere,2022-01-11,1260.0,1710.0,12.0,GDDR6X,1188.0,384,912.4,350,8,628.0,28300.0,8960,280,70,30640.0,PCIe 4.0 x16,https://www.techpowerup.com/gpu-specs/geforce-rtx-3080-12-gb.c3834
GeForce RTX 3050 4 GB,NVIDIA,GeForce 30,Ampere,2022-01-27,1545.0,1740.0,4.0,GDDR6,1500.0,128,192.0,90,8,200.0,8700.0,2048,64,16,7127.0,PCIe 4.0 x8,https://www.techpowerup.com/gpu-specs/geforce-rtx-3050-4-gb.c3744
GeForce RTX 3090 Ti,NVIDIA,GeForce 30,Ampere,2022-01-27,1560.0,1860.0,24.0,GDDR6X,1313.0,384,1010.0,450,8,628.0,28300.0,10752,336,84,40000.0,PCIe 4.0 x16,https://www.techpowerup.com/gpu-specs/geforce-rtx-3090-ti.c3829
GeForce RTX 3060 Ti GA103,NVIDIA,GeForce 30,Ampere,2022-02-23,1410.0,1665.0,8.0,GDDR6,1750.0,256,448.0,200,8,496.0,22000.0,4864,152,38,16200.0,PCIe 4.0 x16,https://www.techpowerup.com/gpu-specs/geforce-rtx-3060-ti-ga103.c3872
GeForce RTX 4080,NVIDIA,GeForce 40,Ada Lovelace,2022-09-20,2205.0,2505.0,16.0,GDDR6X,1400.0,256,716.8,320,5,379.0,45900.0,9728,304,76,48740.0,PCIe 4.0 x16,https://www.techpowerup.com/gpu-specs/geforce-rtx-4080.c3888
GeForce RTX 4090,NVIDIA,GeForce 40,Ada Lovelace,2022-09-20,2235.0,2520.0,24.0,GDDR6X,1313.0,384,1010.0,450,5,609.0,76300.0,16384,512,128,82580.0,PCIe 4.0 x16,https://www.techpowerup.com/gpu-specs/geforce-rtx-4090.c3889
GeForce RTX 3060 8 GB GA104,NVIDIA,GeForce 30,Ampere,2022-10-01,1320.0,1777.0,8.0,GDDR6,1875.0,128,240.0,195,8,392.0,17400.0,3584,112,28,12740.0,PCIe 4.0 x16,https://www.techpowerup.com/gpu-specs/geforce-rtx-3060-8-gb-ga104.c4132
GeForce RTX 3060 8 GB,NVIDIA,GeForce 30,Ampere,2022-10-12,1320.0,1777.0,8.0,GDDR6,1875.0,128,240.0,170,8,276.0,12000.0,3584,112,28,12740.0,PCIe 4.0 x16,https://www.techpowerup.com/gpu-specs/geforce-rtx-3060-8-gb.c3937
GeForce RTX 3060 Ti GDDR6X,NVIDIA,GeForce 30,Ampere,2022-10-19,1410.0,1665.0,8.0,GDDR6X,1188.0,256,608.3,225,8,392.0,17400.0,4864,152,38,16200.0,PCIe 4.0 x16,https://www.techpowerup.com/gpu-specs/geforce-rtx-3060-ti-gddr6x.c3935
GeForce RTX 3070 Ti 8 GB GA102,NVIDIA,GeForce 30,Ampere,2022-10-21,1575.0,1770.0,8.0,GDDR6X,1188.0,256,608.3,290,8,628.0,28300.0,6144,192,48,21750.0,PCIe 4.0 x16,https://www.techpowerup.com/gpu-specs/geforce-rtx-3070-ti-8-gb-ga102.c3936
GeForce RTX 3070 TiM,NVIDIA,GeForce 30,Ampere,2022-11-01,915.0,1410.0,8.0,GDDR6,1750.0,256,448.0,220,8,392.0,17400.0,5888,184,46,16600.000000000004,PCIe 4.0 x16,https://www.techpowerup.com/gpu-specs/geforce-rtx-3070-tim.c3951
GeForce RTX 3050 8 GB GA107,NVIDIA,GeForce 30,Ampere,2022-12-16,1552.0,1777.0,8.0,GDDR6,1750.0,128,224.0,115,8,200.0,8700.0,2560,80,20,9098.0,PCIe 4.0 x8,https://www.techpowerup.com/gpu-specs/geforce-rtx-3050-8-gb-ga107.c3880
GeForce RTX 4070 Ti,NVIDIA,GeForce 40,Ada Lovelace,2023-01-03,2310.0,2610.0,12.0,GDDR6X,1313.0,192,504.2,285,5,294.0,35800.0,7680,240,60,40090.0,PCIe 4.0 x16,https://www.techpowerup.com/gpu-specs/geforce-rtx-4070-ti.c3950
GeForce RTX 4070,NVIDIA,GeForce 40,Ada Lovelace,2023-04-12,1920.0,2475.0,12.0,GDDR6X,1313.0,192,504.2,200,5,294.0,35800.0,5888,184,46,29150.0,PCIe 4.0 x16,https://www.techpowerup.com/gpu-specs/geforce-rtx-4070.c3924
GeForce RTX 4060,NVIDIA,GeForce 40,Ada Lovelace,2023-05-18,1830.0,2460.0,8.0,GDDR6,2125.0,128,272.0,115,5,159.0,18900.0,3072,96,24,15110.0,PCIe 4.0 x8,https://www.techpowerup.com/gpu-specs/geforce-rtx-4060.c4107
GeForce RTX 4060 Ti 16 GB,NVIDIA,GeForce 40,Ada Lovelace,2023-05-18,2310.0,2535.0,16.0,GDDR6,2250.0,128,288.0,165,5,188.0,22900.0,4352,136,34,22060.0,PCIe 4.0 x8,https://www.techpowerup.com/gpu-specs/geforce-rtx-4060-ti-16-gb.c4155
GeForce RTX 4060 Ti 8 GB,NVIDIA,GeForce 40,Ada Lovelace,2023-05-18,2310.0,2535.0,8.0,GDDR6,2250.0,128,288.0,160,5,188.0,22900.0,4352,136,34,22060.0,PCIe 4.0 x8,https://www.techpowerup.com/gpu-specs/geforce-rtx-4060-ti-8-gb.c3890
GeForce RTX 4090 D,NVIDIA,GeForce 40,Ada Lovelace,2023-12-28,2280.0,2520.0,24.0,GDDR6X,1313.0,384,1010.0,425,5,609.0,76300.0,14592,456,114,73540.0,PCIe 4.0 x16,https://www.techpowerup.com/gpu-specs/geforce-rtx-4090-d.c4189
GeForce RTX 4070 SUPER,NVIDIA,GeForce 40,Ada Lovelace,2024-01-08,1980.0,2475.0,12.0,GDDR6X,1313.0,192,504.2,220,5,294.0,35800.0,7168,224,56,35480.0,PCIe 4.0 x16,https://www.techpowerup.com/gpu-specs/geforce-rtx-4070-super.c4186
GeForce RTX 4070 Ti SUPER,NVIDIA,GeForce 40,Ada Lovelace,2024-01-08,2340.0,2610.0,16.0,GDDR6X,1313.0,256,672.3,285,5,379.0,45900.0,8448,264,66,44100.0,PCIe 4.0 x16,https://www.techpowerup.com/gpu-specs/geforce-rtx-4070-ti-super.c4187
GeForce RTX 4080 SUPER,NVIDIA,GeForce 40,Ada Lovelace,2024-01-08,2295.0,2550.0,16.0,GDDR6X,1438.0,256,736.3,320,5,379.0,45900.0,10240,320,80,52220.0,PCIe 4.0 x16,https://www.techpowerup.com/gpu-specs/geforce-rtx-4080-super.c4182
GeForce RTX 3050 6 GB,NVIDIA,GeForce 30,Ampere,2024-02-02,1042.0,1470.0,6.0,GDDR6,1750.0,96,168.0,70,8,200.0,8700.0,2304,72,18,6774.0,PCIe 4.0 x8,https://www.techpowerup.com/gpu-specs/geforce-rtx-3050-6-gb.c4188
GeForce RTX 4070 AD103,NVIDIA,GeForce 40,Ada Lovelace,2024-03-01,1920.0,2475.0,12.0,GDDR6X,1313.0,192,504.2,200,5,379.0,45900.0,5888,184,46,29150.0,PCIe 4.0 x16,https://www.techpowerup.com/gpu-specs/geforce-rtx-4070-ad103.c4205
GeForce RTX 4060 AD106,NVIDIA,GeForce 40,Ada Lovelace,2024-04-01,1830.0,2460.0,8.0,GDDR6,2125.0,128,272.0,115,5,188.0,22900.0,3072,96,24,15110.0,PCIe 4.0 x8,https://www.techpowerup.com/gpu-specs/geforce-rtx-4060-ad106.c3891
GeForce RTX 4060 Ti AD104,NVIDIA,GeForce 40,Ada Lovelace,2024-04-01,2310.0,2535.0,8.0,GDDR6,2250.0,128,288.0,160,5,294.0,35800.0,4352,136,34,22060.0,PCIe 4.0 x8,https://www.techpowerup.com/gpu-specs/geforce-rtx-4060-ti-ad104.c4204
GeForce RTX 4010,NVIDIA,GeForce 40,Ampere,2024-04-16,1417.0,1762.0,4.0,GDDR6,1500.0,64,96.0,50,8,200.0,8700.0,768,24,6,2706.0,PCIe 4.0 x8,https://www.techpowerup.com/gpu-specs/geforce-rtx-4010.c4247
GeForce RTX 4070 Ti SUPER AD102,NVIDIA,GeForce 40,Ada Lovelace,2024-06-10,2340.0,2610.0,16.0,GDDR6X,1313.0,256,672.3,285,5,609.0,76300.0,8448,264,66,44100.0,PCIe 4.0 x16,https://www.techpowerup.com/gpu-specs/geforce-rtx-4070-ti-super-ad102.c4215
GeForce RTX 4070 GDDR6,NVIDIA,GeForce 40,Ada Lovelace,2024-08-20,1920.0,2475.0,12.0,GDDR6,2500.0,192,480.0,200,5,294.0,35800.0,5888,184,46,29150.0,PCIe 4.0 x16,https://www.techpowerup.com/gpu-specs/geforce-rtx-4070-gddr6.c4228
GeForce RTX 5080,NVIDIA,GeForce 50,Blackwell 2.0,2025-01-30,2295.0,2617.0,16.0,GDDR7,1875.0,256,960.0,360,5,378.0,45600.0,10752,336,84,56280.0,PCIe 5.0 x16,https://www.techpowerup.com/gpu-specs/geforce-rtx-5080.c4217
GeForce RTX 5090,NVIDIA,GeForce 50,Blackwell 2.0,2025-01-30,2017.0,2407.0,32.0,GDDR7,1750.0,512,1790.0,575,5,750.0,92200.0,21760,680,170,104800.0,PCIe 5.0 x16,https://www.techpowerup.com/gpu-specs/geforce-rtx-5090.c4216
GeForce RTX 5090 D,NVIDIA,GeForce 50,Blackwell 2.0,2025-01-30,2017.0,2407.0,32.0,GDDR7,1750.0,512,1790.0,575,5,750.0,92200.0,21760,680,170,104800.0,PCIe 5.0 x16,https://www.techpowerup.com/gpu-specs/geforce-rtx-5090-d.c4253
GeForce RTX 5070 Ti,NVIDIA,GeForce 50,Blackwell 2.0,2025-02-20,2295.0,2452.0,16.0,GDDR7,1750.0,256,896.0,300,5,378.0,45600.0,8960,280,70,43940.0,PCIe 5.0 x16,https://www.techpowerup.com/gpu-specs/geforce-rtx-5070-ti.c4243
GeForce RTX 5070,NVIDIA,GeForce 50,Blackwell 2.0,2025-03-04,2325.0,2512.0,12.0,GDDR7,1750.0,192,672.0,250,5,263.0,31100.0,6144,192,48,30870.0,PCIe 5.0 x16,https://www.techpowerup.com/gpu-specs/geforce-rtx-5070.c4218
GeForce RTX 5060 Ti 16 GB,NVIDIA,GeForce 50,Blackwell 2.0,2025-04-16,2407.0,2572.0,16.0,GDDR7,1750.0,128,448.0,180,5,181.0,21900.0,4608,144,36,23700.0,PCIe 5.0 x8,https://www.techpowerup.com/gpu-specs/geforce-rtx-5060-ti-16-gb.c4292
GeForce RTX 5060 Ti 8 GB,NVIDIA,GeForce 50,Blackwell 2.0,2025-04-16,2407.0,2572.0,8.0,GDDR7,1750.0,128,448.0,180,5,181.0,21900.0,4608,144,36,23700.0,PCIe 5.0 x8,https://www.techpowerup.com/gpu-specs/geforce-rtx-5060-ti-8-gb.c4246
GeForce RTX 5060,NVIDIA,GeForce 50,Blackwell 2.0,2025-05-19,2280.0,2497.0,8.0,GDDR7,1750.0,128,448.0,145,5,181.0,21900.0,3840,120,30,19180.0,PCIe 5.0 x8,https://www.techpowerup.com/gpu-specs/geforce-rtx-5060.c4219
GeForce RTX 5050,NVIDIA,GeForce 50,Blackwell 2.0,2025-07-01,2317.0,2572.0,8.0,GDDR6,2500.0,128,320.0,130,5,149.0,16900.0,2560,80,20,13170.0,PCIe 5.0 x8,https://www.techpowerup.com/gpu-specs/geforce-rtx-5050.c4220
GeForce RTX 5090 D V2,NVIDIA,GeForce 50,Blackwell 2.0,2025-08-15,2017.0,2407.0,24.0,GDDR7,1750.0,384,1340.0,575,5,750.0,92200.0,21760,680,170,104800.0,PCIe 5.0 x16,https://www.techpowerup.com/gpu-specs/geforce-rtx-5090-d-v2.c4310
